0,A2Y2HJ74G50DYO
1,AX06ZUCRNSGB3
2,A2R6RDZ07V4KWB
3,AIICJA0A5J8NF
4,A3U0K4A3LQXQO4
5,A1SWAG6ZP6SNNW
6,A1ODGBU73JE8S
7,A52H5IZG9EOAO
8,AGVUHOBSCP6YC
9,A34930YXVQ8SUT
10,A288TV72SGDQWE
11,A1XDMS0KFSF5JW
12,ARF0YRA4UT03C
13,ALSLQKXRN2HRN
14,A6P0CC8HHZLFJ
15,A2WCV7ULUPKVNQ
16,A24MFJ893DQKW1
17,A1LRJ4U04532TM
18,A2XC32LYCBO8FN
19,A1FK01GE7K8DBU
20,A1DRDRFGZKQ6Q9
21,A2BW6WD7LZ9EGV
22,AW0MG225VXWCN
23,A2QTP92PCZUGI2
24,A31UCN0JE96WP7
25,AQL960O0LTRI8
26,A3FOKP72T5I4FR
27,A1FHS282JP487T
28,AKHH4W14A6AN9
29,A17MUS17DFQZ4P
30,A19C6T7B0H4PAQ
31,AZ9BZONG644TU
32,AMA18W8F60Y2J
33,A374STD2W8N1U8
34,A3RQN5RZD1N2KP
35,A258MR1IS96JEP
36,A29RJVVL54THB5
37,A2HHKBW8HQWI66
38,AS7WV8YWOEO55
39,A3F90N8YVKJ4I7
40,A3ISDIYTS02E8C
41,A3P5WIW36V70AI
42,A24Z8V5IV2VJ8F
43,A321AGEY23DDEH
44,A5EU1AQJNC7F2
45,ANPCXN619ACW9
46,A3HHDPKL3O3O7Y
47,A2LS0IJ90DA0UY
48,A10LLZZHZVGWRW
49,A2EFZBN4OLNH7S
50,A1W36Q5THCHYUZ
51,A1RTSS7I0P7M5G
52,A61GHYNS1DFT7
53,A37EV8RZ82WT8E
54,A18ABCQ0UCECNP
55,A3FCZNB9E8K3CX
56,A3UN34SW8L8NT3
57,A2ROSI29CVVKGO
58,A1489QNXV5IM6O
59,A2C39KTRMOM1XZ
60,A2W547SNOCMC25
61,A207149DHAS89K
62,A13XNKKN2LI6DF
63,A9GNNAGBWOFAM
64,A2MUCL20GTQJA0
65,A1R0689JPSQ3OF
66,A1CUTQUSPA2DPU
67,A3F7FH2NDBBN1M
68,A24DYXCGZQUZUQ
69,A1GJA9DZS0F43K
70,A1C6BL1O5L5LA9
71,A1N4AZ1QXPOPXH
72,A18JN79AHDB8PD
73,A1L0G5ZGQPEF5I
74,A1XUZFDVKP95VC
75,A1OSRAPSRT934Z
76,A2Z7SWO6HS5OOI
77,A37S96RT1P1IT2
78,A273EH17NSJRH0
79,A2S4YDJ9UGAXFQ
80,A2IRBZJJEB9P5E
81,A1VCAMP3XM62R4
82,A3VP27UUQ34OXK
83,A1K8QNLYYYX21W
84,AN6WT1D6EQ8V5
85,ABMX8XUNPR3LP
86,A1PELXP1T9FA0W
87,A2FNI9973CF233
88,A2OFN0A5CPLH57
89,A8KHWKKGAGOH0
90,A2WJGI7XNUBRND
91,A2NOR6R1M1NHGX
92,A2B6WQG0A9CKXQ
93,A3C9VI7QCLEVGT
94,A1DS5O8MSI3ZH0
95,AEFE78VGZFKRY
96,A2S8ZTPKX3B928
97,AKLV0WIZZ356X
98,AK7LGB1QOGA1P
99,A2W8ZODKKQ7RYP
100,A2M9MD6AHXVT54
101,A1R4KVYEV07CAJ
102,A16UAN46CNIRHY
103,A1K75ALN5NQIJM
104,A1GHMM8WNMYZSN
105,ARX0S1CIDJLOX
106,A2RMJNF6IPI42F
107,ALEJV7D94ZLHF
108,A3QJJR5Y3XE92N
109,A12FCLCVIM2CL3
110,A3RJ66BKO8HBGG
111,A3UV9UAE6MP36J
112,A3RO90I4O8I0O2
113,A12DBV9FNAOFEM
114,A11UQWFUDNIHIL
115,A14I3K8UN3612X
116,A16S0KKQ2MIZHT
117,AUQTHU5AOZVQC
118,A1W2AXHN5R2J91
119,A2JCK494NV7TFX
120,A1AO1LLP3INAZF
121,AOAZMLP27GD81
122,A1O81SOPKHK5RZ
123,A3JTMXHPNCUFNX
124,A40LU73SS18IW
125,A243MVNC6OLKBF
126,A3TIUBKMKNPIFL
127,A1WA3VMWGQJPYS
128,A32UE0WDFAUWBE
129,ASTR3EPUOKEXV
130,A2SIKW18T2DYYW
131,A2VY16N1O40VEL
132,A1295RHU5X5GTX
133,A36ZRUGMKQA5KO
134,A2CK0OXMPOR9LE
135,A18N5VGRYPN2QH
136,A173LV77LF3SHB
137,A3QAHF4UUBM7ZO
138,A1QG4WF9ZTZTK2
139,A1CGUFW3R6M234
140,AUAN582MLI96N
141,AGFWV1U4CJXP5
142,AC5UD8N187QD6
143,A3NHJPE6326P9V
144,A2OO4PG3LBLP5I
145,AFXE92S04IYHY
146,A1B4KC5KP7FH1Z
147,A17D65I948OQZM
148,A3TPW4JUUJDUFI
149,A7NZ814Q5MX2R
150,AETIZKQNUSBLB
151,A5ET25WTBJC0J
152,A12HZGOZQD5YK7
153,ANV8C2DATCAPB
154,A1SRF7085UM3HI
155,A9EFMZ1469GHI
156,A2J7PEUIO2WVUN
157,AHPUVVEDSDA5F
158,ABNTDXT618WJQ
159,A1NXHA2741IJEA
160,A376F1W1MTY3J
161,A21UA6O7ZFAIQJ
162,A3AIX82WZQZB5A
163,A341XKSRZ58FJK
164,AQ2INPVVXR1G0
165,A3F0NFNLOLFJT0
166,APLBF6JY2C1QZ
167,A19TL7AJ0FB1JG
168,A1640H4RXH8NZE
169,AXJSZ1BBVYIYL
170,A1T2162PMSEH0P
171,AZ9VAMDM5PEOR
172,A1RD79V8R2YXZP
173,A2JI5RNPPXE8QE
174,A19F0UPKU4IT2P
175,AEI5USUUPBU2G
176,A100Y89FZO4J0B
177,A27SXB640MSD2I
178,A273DS7TQWR9M1
179,A2YYQJ3JWA2KGD
180,A1OMBMURINTJCM
181,A2QUQ0S2F6K3QJ
182,A3F8G26PENQ6EO
183,AKZ8SFOAI4RZN
184,AKSJ3C5O3V9RB
185,A3FCCMXFY0A28Z
186,A3DHJDGGSPEI0O
187,ACGZDI611LU0I
188,A1TS2SKXPX7ZED
189,AVMIXXCHPD291
190,A1RT9SQ9D9DLOV
191,A3SM6R11R3687Q
192,A3KN0O7VP8YSZY
193,A2Q1YS118AO2BP
194,A1NZFJHVJ9CNTO
195,A55CXM7QR7R0N
196,A28HYRF3QXFAXL
197,A2R0YYUAWNT7UD
198,A1S6QWSCBRYSFZ
199,A3KKXA7COL5JHL
