,dataset
s001,validation
s002,discovery
s003,validation
s004,validation
s005,discovery
s006,discovery
s007,discovery
s008,validation
s009,discovery
s010,validation
s011,discovery
s012,discovery
s013,validation
s014,validation
s015,validation
s016,validation
s017,discovery
s018,validation
s019,validation
s020,discovery
s021,validation
s022,validation
s023,validation
s024,validation
s025,validation
s026,discovery
s027,discovery
s028,discovery
s029,discovery
s030,validation
s031,validation
s032,discovery
s033,validation
s034,discovery
s035,validation
s036,validation
s037,validation
s038,validation
s039,validation
s040,validation
s041,validation
s042,discovery
s043,validation
s044,validation
s045,discovery
s046,validation
s047,discovery
s048,validation
s049,discovery
s050,discovery
s051,validation
s052,validation
s053,validation
s054,validation
s055,validation
s056,discovery
s057,validation
s058,validation
s059,validation
s060,discovery
s061,validation
s062,discovery
s063,discovery
s064,validation
s065,discovery
s066,discovery
s067,validation
s068,validation
s069,validation
s070,validation
s071,discovery
s072,discovery
s073,validation
s074,validation
s075,validation
s076,validation
s077,discovery
s078,validation
s079,validation
s080,validation
s081,discovery
s082,discovery
s083,discovery
s084,discovery
s085,discovery
s086,discovery
s087,validation
s088,validation
s089,discovery
s090,validation
s091,discovery
s092,discovery
s093,discovery
s094,discovery
s095,validation
s096,discovery
s097,discovery
s098,discovery
s099,discovery
s100,validation
s101,validation
s102,discovery
s103,discovery
s104,validation
s105,discovery
s106,discovery
s107,discovery
s108,discovery
s109,discovery
s110,discovery
s111,discovery
s112,discovery
s113,validation
s114,discovery
s115,validation
s116,validation
s117,validation
s118,validation
s119,validation
s120,validation
s121,validation
s122,validation
s123,discovery
s124,validation
s125,validation
s126,validation
s127,validation
s128,discovery
s129,discovery
s130,validation
s131,discovery
s132,validation
s133,validation
s134,validation
s135,discovery
s136,validation
s137,validation
s138,validation
s139,validation
s140,discovery
s141,validation
s142,discovery
s143,validation
s144,validation
s145,discovery
s146,validation
s147,validation
s148,discovery
s149,discovery
s150,validation
s151,validation
s152,validation
s153,validation
s154,validation
s155,discovery
s156,discovery
s157,validation
s158,validation
s159,validation
s160,validation
s161,discovery
s162,validation
s163,discovery
s164,discovery
s165,discovery
s166,validation
s167,validation
s168,discovery
s169,validation
s170,discovery
s171,validation
s172,validation
s173,discovery
s174,validation
s175,validation
s176,validation
s177,validation
s178,validation
s179,discovery
s180,discovery
s181,validation
s182,discovery
s183,validation
s184,discovery
s185,validation
s186,discovery
s187,discovery
s188,discovery
s189,validation
s190,discovery
s191,validation
s192,discovery
s193,validation
s194,validation
s195,validation
s196,discovery
s197,validation
s198,discovery
s199,validation
s200,validation
s201,validation
s202,discovery
s203,validation
s204,validation
s205,discovery
s206,discovery
s207,discovery
s208,discovery
s209,discovery
s210,discovery
s211,validation
s212,discovery
s213,validation
s214,validation
s215,validation
s216,discovery
s217,validation
s218,discovery
s219,validation
s220,validation
s221,validation
s222,validation
s223,validation
s224,validation
s225,validation
s226,discovery
s227,validation
s228,discovery
s229,validation
s230,validation
s231,validation
s232,validation
s233,discovery
s234,validation
s235,validation
s236,validation
s237,discovery
s238,discovery
s239,validation
s240,validation
s241,validation
s242,validation
s243,validation
s244,discovery
s245,validation
s246,discovery
s247,validation
s248,validation
s249,discovery
s250,validation
s251,validation
s252,discovery
s253,validation
s254,discovery
s255,validation
s256,validation
s257,validation
s258,validation
s259,discovery
s260,validation
s261,validation
s262,discovery
s263,validation
s264,discovery
s265,discovery
s266,validation
s267,validation
s268,validation
s269,discovery
s270,validation
s271,validation
s272,validation
s273,discovery
s274,validation
s275,discovery
s276,validation
s277,discovery
s278,validation
s279,validation
s280,validation
s281,validation
s282,validation
s283,validation
s284,discovery
s285,discovery
s286,discovery
s287,validation
s288,validation
s289,validation
s290,discovery
s291,discovery
s292,validation
s293,discovery
s294,discovery
s295,discovery
s296,validation
s297,discovery
s298,validation
s299,validation
s300,discovery
s301,discovery
s302,validation
s303,discovery
s304,validation
s305,discovery
s306,discovery
s307,discovery
s308,validation
s309,discovery
s310,validation
s311,validation
s312,validation
s313,discovery
s314,discovery
s315,validation
s316,discovery
s317,validation
s318,validation
s319,validation
s320,validation
s321,validation
s322,validation
s323,validation
s324,validation
s325,validation
s326,discovery
s327,discovery
s328,discovery
s329,discovery
s330,validation
s331,validation
s332,discovery
s333,discovery
s334,discovery
s335,validation
s336,discovery
s337,validation
s338,validation
s339,discovery
s340,validation
s341,validation
s342,validation
s343,discovery
s344,validation
s345,validation
s346,discovery
s347,validation
s348,validation
s349,validation
s350,validation
s351,discovery
s352,discovery
s353,validation
s354,validation
s355,validation
s356,validation
s357,discovery
s358,validation
s359,discovery
s360,validation
s361,discovery
s362,validation
s363,validation
s364,validation
s365,discovery
s366,validation
s367,discovery
s368,discovery
s369,discovery
s370,validation
s371,validation
s372,discovery
s373,discovery
s374,validation
s375,validation
s376,discovery
s377,validation
s378,validation
s379,validation
s380,discovery
s381,validation
s382,validation
s383,discovery
s384,validation
s385,discovery
s386,validation
s387,validation
s388,discovery
s389,validation
s390,validation
s391,discovery
s392,validation
s393,validation
s394,validation
s395,validation
s396,discovery
s397,discovery
s398,validation
s399,validation
s400,validation
s401,validation
s402,discovery
s403,discovery
s404,validation
s405,validation
s406,validation
s407,validation
s408,discovery
s409,discovery
s410,validation
s411,discovery
s412,validation
s413,validation
s414,validation
s415,validation
s416,validation
s417,validation
s418,validation
s419,validation
s420,discovery
s421,validation
s422,validation
s423,validation
s424,validation
s425,discovery
s426,validation
s427,discovery
s428,validation
s429,discovery
s430,discovery
s431,validation
s432,validation
s433,validation
s434,discovery
s435,validation
s436,validation
s437,validation
s438,validation
s439,validation
s440,validation
s441,discovery
s442,discovery
s443,validation
s444,validation
s445,validation
s446,discovery
s447,validation
s448,validation
s449,discovery
s450,discovery
s451,discovery
s452,validation
s453,discovery
s454,validation
s455,validation
s456,discovery
s457,validation
s458,validation
s459,discovery
s460,validation
s461,discovery
s462,discovery
s463,validation
s464,validation
s465,validation
s466,validation
s467,discovery
s468,discovery
s469,discovery
s470,validation
s471,discovery
s472,validation
s473,discovery
s474,validation
s475,discovery
s476,validation
s477,discovery
s478,validation
s479,validation
s480,validation
s481,discovery
s482,validation
s483,discovery
s484,discovery
s485,validation
s486,validation
s487,validation
s488,discovery
s489,discovery
s490,discovery
s491,discovery
s492,discovery
s493,validation
s494,validation
s495,validation
s496,validation
s497,validation
s498,validation
s499,validation
s500,discovery
